"LOCATION","INDICATOR","SUBJECT","MEASURE","FREQUENCY","TIME","Value","Flag Codes"
"AUS","HUR","TOT","PC_LF","A","2000",6.285546,
"AUS","HUR","TOT","PC_LF","A","2001",6.742173,
"AUS","HUR","TOT","PC_LF","A","2002",6.368911,
"AUS","HUR","TOT","PC_LF","A","2003",5.92842,
"AUS","HUR","TOT","PC_LF","A","2004",5.396734,
"AUS","HUR","TOT","PC_LF","A","2005",5.033881,
"AUS","HUR","TOT","PC_LF","A","2006",4.78524,
"AUS","HUR","TOT","PC_LF","A","2007",4.379151,
"AUS","HUR","TOT","PC_LF","A","2008",4.23433,
"AUS","HUR","TOT","PC_LF","A","2009",5.560385,
"AUS","HUR","TOT","PC_LF","A","2010",5.21334,
"AUS","HUR","TOT","PC_LF","A","2011",5.081195,
"AUS","HUR","TOT","PC_LF","A","2012",5.223376,
"AUS","HUR","TOT","PC_LF","A","2013",5.66194,
"AUS","HUR","TOT","PC_LF","A","2014",6.077244,
"AUS","HUR","TOT","PC_LF","A","2015",6.056423,
"AUS","HUR","TOT","PC_LF","A","2016",5.710301,
"AUS","HUR","TOT","PC_LF","A","2017",5.59376,
"AUS","HUR","TOT","PC_LF","A","2018",5.299855,
"AUT","HUR","TOT","PC_LF","A","2000",3.933333,
"AUT","HUR","TOT","PC_LF","A","2001",3.983333,
"AUT","HUR","TOT","PC_LF","A","2002",4.383333,
"AUT","HUR","TOT","PC_LF","A","2003",4.758333,
"AUT","HUR","TOT","PC_LF","A","2004",5.508333,
"AUT","HUR","TOT","PC_LF","A","2005",5.633333,
"AUT","HUR","TOT","PC_LF","A","2006",5.25,
"AUT","HUR","TOT","PC_LF","A","2007",4.866667,
"AUT","HUR","TOT","PC_LF","A","2008",4.141667,
"AUT","HUR","TOT","PC_LF","A","2009",5.325,
"AUT","HUR","TOT","PC_LF","A","2010",4.841667,
"AUT","HUR","TOT","PC_LF","A","2011",4.575,
"AUT","HUR","TOT","PC_LF","A","2012",4.883333,
"AUT","HUR","TOT","PC_LF","A","2013",5.358333,
"AUT","HUR","TOT","PC_LF","A","2014",5.641667,
"AUT","HUR","TOT","PC_LF","A","2015",5.733333,
"AUT","HUR","TOT","PC_LF","A","2016",6.033333,
"AUT","HUR","TOT","PC_LF","A","2017",5.516667,
"AUT","HUR","TOT","PC_LF","A","2018",4.858333,
"BEL","HUR","TOT","PC_LF","A","2000",6.875,
"BEL","HUR","TOT","PC_LF","A","2001",6.591667,
"BEL","HUR","TOT","PC_LF","A","2002",7.525,
"BEL","HUR","TOT","PC_LF","A","2003",8.175,
"BEL","HUR","TOT","PC_LF","A","2004",8.391666,
"BEL","HUR","TOT","PC_LF","A","2005",8.433333,
"BEL","HUR","TOT","PC_LF","A","2006",8.25,
"BEL","HUR","TOT","PC_LF","A","2007",7.483333,
"BEL","HUR","TOT","PC_LF","A","2008",6.975,
"BEL","HUR","TOT","PC_LF","A","2009",7.891667,
"BEL","HUR","TOT","PC_LF","A","2010",8.316667,
"BEL","HUR","TOT","PC_LF","A","2011",7.166667,
"BEL","HUR","TOT","PC_LF","A","2012",7.566667,
"BEL","HUR","TOT","PC_LF","A","2013",8.45,
"BEL","HUR","TOT","PC_LF","A","2014",8.533334,
"BEL","HUR","TOT","PC_LF","A","2015",8.5,
"BEL","HUR","TOT","PC_LF","A","2016",7.858333,
"BEL","HUR","TOT","PC_LF","A","2017",7.1,
"BEL","HUR","TOT","PC_LF","A","2018",5.958333,
"CAN","HUR","TOT","PC_LF","A","2000",6.816667,
"CAN","HUR","TOT","PC_LF","A","2001",7.216667,
"CAN","HUR","TOT","PC_LF","A","2002",7.675,
"CAN","HUR","TOT","PC_LF","A","2003",7.575,
"CAN","HUR","TOT","PC_LF","A","2004",7.191667,
"CAN","HUR","TOT","PC_LF","A","2005",6.758333,
"CAN","HUR","TOT","PC_LF","A","2006",6.333333,
"CAN","HUR","TOT","PC_LF","A","2007",6.05,
"CAN","HUR","TOT","PC_LF","A","2008",6.141667,
"CAN","HUR","TOT","PC_LF","A","2009",8.35,
"CAN","HUR","TOT","PC_LF","A","2010",8.058333,
"CAN","HUR","TOT","PC_LF","A","2011",7.525,
"CAN","HUR","TOT","PC_LF","A","2012",7.291667,
"CAN","HUR","TOT","PC_LF","A","2013",7.083333,
"CAN","HUR","TOT","PC_LF","A","2014",6.908333,
"CAN","HUR","TOT","PC_LF","A","2015",6.908333,
"CAN","HUR","TOT","PC_LF","A","2016",6.991667,
"CAN","HUR","TOT","PC_LF","A","2017",6.341667,
"CAN","HUR","TOT","PC_LF","A","2018",5.833333,
"CZE","HUR","TOT","PC_LF","A","2000",8.775,
"CZE","HUR","TOT","PC_LF","A","2001",8.125,
"CZE","HUR","TOT","PC_LF","A","2002",7.291667,
"CZE","HUR","TOT","PC_LF","A","2003",7.775,
"CZE","HUR","TOT","PC_LF","A","2004",8.291667,
"CZE","HUR","TOT","PC_LF","A","2005",7.941667,
"CZE","HUR","TOT","PC_LF","A","2006",7.133333,
"CZE","HUR","TOT","PC_LF","A","2007",5.325,
"CZE","HUR","TOT","PC_LF","A","2008",4.408333,
"CZE","HUR","TOT","PC_LF","A","2009",6.683333,
"CZE","HUR","TOT","PC_LF","A","2010",7.291667,
"CZE","HUR","TOT","PC_LF","A","2011",6.716667,
"CZE","HUR","TOT","PC_LF","A","2012",6.975,
"CZE","HUR","TOT","PC_LF","A","2013",6.966667,
"CZE","HUR","TOT","PC_LF","A","2014",6.116667,
"CZE","HUR","TOT","PC_LF","A","2015",5.058333,
"CZE","HUR","TOT","PC_LF","A","2016",3.966667,
"CZE","HUR","TOT","PC_LF","A","2017",2.908333,
"CZE","HUR","TOT","PC_LF","A","2018",2.266667,
"DNK","HUR","TOT","PC_LF","A","2000",4.325,
"DNK","HUR","TOT","PC_LF","A","2001",4.525,
"DNK","HUR","TOT","PC_LF","A","2002",4.583333,
"DNK","HUR","TOT","PC_LF","A","2003",5.408333,
"DNK","HUR","TOT","PC_LF","A","2004",5.5,
"DNK","HUR","TOT","PC_LF","A","2005",4.841667,
"DNK","HUR","TOT","PC_LF","A","2006",3.908333,
"DNK","HUR","TOT","PC_LF","A","2007",3.75,
"DNK","HUR","TOT","PC_LF","A","2008",3.708333,
"DNK","HUR","TOT","PC_LF","A","2009",6.408333,
"DNK","HUR","TOT","PC_LF","A","2010",7.766667,
"DNK","HUR","TOT","PC_LF","A","2011",7.758333,
"DNK","HUR","TOT","PC_LF","A","2012",7.8,
"DNK","HUR","TOT","PC_LF","A","2013",7.391667,
"DNK","HUR","TOT","PC_LF","A","2014",6.883333,
"DNK","HUR","TOT","PC_LF","A","2015",6.3,
"DNK","HUR","TOT","PC_LF","A","2016",6.008333,
"DNK","HUR","TOT","PC_LF","A","2017",5.816667,
"DNK","HUR","TOT","PC_LF","A","2018",5.116667,
"FIN","HUR","TOT","PC_LF","A","2000",9.783334,
"FIN","HUR","TOT","PC_LF","A","2001",9.125,
"FIN","HUR","TOT","PC_LF","A","2002",9.075,
"FIN","HUR","TOT","PC_LF","A","2003",9.008333,
"FIN","HUR","TOT","PC_LF","A","2004",8.825,
"FIN","HUR","TOT","PC_LF","A","2005",8.4,
"FIN","HUR","TOT","PC_LF","A","2006",7.716667,
"FIN","HUR","TOT","PC_LF","A","2007",6.866667,
"FIN","HUR","TOT","PC_LF","A","2008",6.366667,
"FIN","HUR","TOT","PC_LF","A","2009",8.241667,
"FIN","HUR","TOT","PC_LF","A","2010",8.383333,
"FIN","HUR","TOT","PC_LF","A","2011",7.775,
"FIN","HUR","TOT","PC_LF","A","2012",7.683333,
"FIN","HUR","TOT","PC_LF","A","2013",8.191667,
"FIN","HUR","TOT","PC_LF","A","2014",8.658334,
"FIN","HUR","TOT","PC_LF","A","2015",9.375,
"FIN","HUR","TOT","PC_LF","A","2016",8.791667,
"FIN","HUR","TOT","PC_LF","A","2017",8.633333,
"FIN","HUR","TOT","PC_LF","A","2018",7.358333,
"FRA","HUR","TOT","PC_LF","A","2000",9.558333,
"FRA","HUR","TOT","PC_LF","A","2001",8.741667,
"FRA","HUR","TOT","PC_LF","A","2002",8.633333,
"FRA","HUR","TOT","PC_LF","A","2003",8.5,
"FRA","HUR","TOT","PC_LF","A","2004",8.85,
"FRA","HUR","TOT","PC_LF","A","2005",8.866667,
"FRA","HUR","TOT","PC_LF","A","2006",8.841666,
"FRA","HUR","TOT","PC_LF","A","2007",7.991667,
"FRA","HUR","TOT","PC_LF","A","2008",7.425,
"FRA","HUR","TOT","PC_LF","A","2009",9.108334,
"FRA","HUR","TOT","PC_LF","A","2010",9.266666,
"FRA","HUR","TOT","PC_LF","A","2011",9.183333,
"FRA","HUR","TOT","PC_LF","A","2012",9.766666,
"FRA","HUR","TOT","PC_LF","A","2013",10.31667,
"FRA","HUR","TOT","PC_LF","A","2014",10.3,
"FRA","HUR","TOT","PC_LF","A","2015",10.35833,
"FRA","HUR","TOT","PC_LF","A","2016",10.04167,
"FRA","HUR","TOT","PC_LF","A","2017",9.425,
"FRA","HUR","TOT","PC_LF","A","2018",9.025,
"DEU","HUR","TOT","PC_LF","A","2000",8.008333,
"DEU","HUR","TOT","PC_LF","A","2001",7.858333,
"DEU","HUR","TOT","PC_LF","A","2002",8.683333,
"DEU","HUR","TOT","PC_LF","A","2003",9.808333,
"DEU","HUR","TOT","PC_LF","A","2004",10.5,
"DEU","HUR","TOT","PC_LF","A","2005",11.28333,
"DEU","HUR","TOT","PC_LF","A","2006",10.275,
"DEU","HUR","TOT","PC_LF","A","2007",8.541667,
"DEU","HUR","TOT","PC_LF","A","2008",7.425,
"DEU","HUR","TOT","PC_LF","A","2009",7.641667,
"DEU","HUR","TOT","PC_LF","A","2010",6.966667,
"DEU","HUR","TOT","PC_LF","A","2011",5.833333,
"DEU","HUR","TOT","PC_LF","A","2012",5.383333,
"DEU","HUR","TOT","PC_LF","A","2013",5.241667,
"DEU","HUR","TOT","PC_LF","A","2014",4.991667,
"DEU","HUR","TOT","PC_LF","A","2015",4.633333,
"DEU","HUR","TOT","PC_LF","A","2016",4.133333,
"DEU","HUR","TOT","PC_LF","A","2017",3.758333,
"DEU","HUR","TOT","PC_LF","A","2018",3.4,
"GRC","HUR","TOT","PC_LF","A","2000",11.23333,
"GRC","HUR","TOT","PC_LF","A","2001",10.675,
"GRC","HUR","TOT","PC_LF","A","2002",10.33333,
"GRC","HUR","TOT","PC_LF","A","2003",9.741667,
"GRC","HUR","TOT","PC_LF","A","2004",10.60833,
"GRC","HUR","TOT","PC_LF","A","2005",10.00833,
"GRC","HUR","TOT","PC_LF","A","2006",9.033334,
"GRC","HUR","TOT","PC_LF","A","2007",8.416667,
"GRC","HUR","TOT","PC_LF","A","2008",7.766667,
"GRC","HUR","TOT","PC_LF","A","2009",9.625,
"GRC","HUR","TOT","PC_LF","A","2010",12.75,
"GRC","HUR","TOT","PC_LF","A","2011",17.91667,
"GRC","HUR","TOT","PC_LF","A","2012",24.49167,
"GRC","HUR","TOT","PC_LF","A","2013",27.49167,
"GRC","HUR","TOT","PC_LF","A","2014",26.55,
"GRC","HUR","TOT","PC_LF","A","2015",24.95833,
"GRC","HUR","TOT","PC_LF","A","2016",23.56667,
"GRC","HUR","TOT","PC_LF","A","2017",21.53333,
"GRC","HUR","TOT","PC_LF","A","2018",19.30833,
"HUN","HUR","TOT","PC_LF","A","2000",6.266667,
"HUN","HUR","TOT","PC_LF","A","2001",5.575,
"HUN","HUR","TOT","PC_LF","A","2002",5.583333,
"HUN","HUR","TOT","PC_LF","A","2003",5.741667,
"HUN","HUR","TOT","PC_LF","A","2004",6.066667,
"HUN","HUR","TOT","PC_LF","A","2005",7.175,
"HUN","HUR","TOT","PC_LF","A","2006",7.458333,
"HUN","HUR","TOT","PC_LF","A","2007",7.391667,
"HUN","HUR","TOT","PC_LF","A","2008",7.8,
"HUN","HUR","TOT","PC_LF","A","2009",10.03333,
"HUN","HUR","TOT","PC_LF","A","2010",11.16667,
"HUN","HUR","TOT","PC_LF","A","2011",11.05833,
"HUN","HUR","TOT","PC_LF","A","2012",11.01667,
"HUN","HUR","TOT","PC_LF","A","2013",10.11667,
"HUN","HUR","TOT","PC_LF","A","2014",7.741667,
"HUN","HUR","TOT","PC_LF","A","2015",6.833333,
"HUN","HUR","TOT","PC_LF","A","2016",5.1,
"HUN","HUR","TOT","PC_LF","A","2017",4.175,
"HUN","HUR","TOT","PC_LF","A","2018",3.708333,
"ISL","HUR","TOT","PC_LF","A","2003",3.358333,
"ISL","HUR","TOT","PC_LF","A","2004",3.05,
"ISL","HUR","TOT","PC_LF","A","2005",2.583333,
"ISL","HUR","TOT","PC_LF","A","2006",2.875,
"ISL","HUR","TOT","PC_LF","A","2007",2.291667,
"ISL","HUR","TOT","PC_LF","A","2008",2.983333,
"ISL","HUR","TOT","PC_LF","A","2009",7.233333,
"ISL","HUR","TOT","PC_LF","A","2010",7.558333,
"ISL","HUR","TOT","PC_LF","A","2011",7.05,
"ISL","HUR","TOT","PC_LF","A","2012",6.025,
"ISL","HUR","TOT","PC_LF","A","2013",5.391667,
"ISL","HUR","TOT","PC_LF","A","2014",4.958333,
"ISL","HUR","TOT","PC_LF","A","2015",3.991667,
"ISL","HUR","TOT","PC_LF","A","2016",3.008333,
"ISL","HUR","TOT","PC_LF","A","2017",2.825,
"ISL","HUR","TOT","PC_LF","A","2018",2.741667,
"IRL","HUR","TOT","PC_LF","A","2000",4.5,
"IRL","HUR","TOT","PC_LF","A","2001",4.175,
"IRL","HUR","TOT","PC_LF","A","2002",4.725,
"IRL","HUR","TOT","PC_LF","A","2003",4.85,
"IRL","HUR","TOT","PC_LF","A","2004",4.741667,
"IRL","HUR","TOT","PC_LF","A","2005",4.633333,
"IRL","HUR","TOT","PC_LF","A","2006",4.783333,
"IRL","HUR","TOT","PC_LF","A","2007",5,
"IRL","HUR","TOT","PC_LF","A","2008",6.783333,
"IRL","HUR","TOT","PC_LF","A","2009",12.65,
"IRL","HUR","TOT","PC_LF","A","2010",14.55833,
"IRL","HUR","TOT","PC_LF","A","2011",15.40833,
"IRL","HUR","TOT","PC_LF","A","2012",15.49167,
"IRL","HUR","TOT","PC_LF","A","2013",13.78333,
"IRL","HUR","TOT","PC_LF","A","2014",11.91667,
"IRL","HUR","TOT","PC_LF","A","2015",9.958333,
"IRL","HUR","TOT","PC_LF","A","2016",8.408334,
"IRL","HUR","TOT","PC_LF","A","2017",6.741667,
"IRL","HUR","TOT","PC_LF","A","2018",5.766667,
"ITA","HUR","TOT","PC_LF","A","2000",10.05,
"ITA","HUR","TOT","PC_LF","A","2001",9.008333,
"ITA","HUR","TOT","PC_LF","A","2002",8.475,
"ITA","HUR","TOT","PC_LF","A","2003",8.433333,
"ITA","HUR","TOT","PC_LF","A","2004",8,
"ITA","HUR","TOT","PC_LF","A","2005",7.708333,
"ITA","HUR","TOT","PC_LF","A","2006",6.791667,
"ITA","HUR","TOT","PC_LF","A","2007",6.075,
"ITA","HUR","TOT","PC_LF","A","2008",6.708333,
"ITA","HUR","TOT","PC_LF","A","2009",7.75,
"ITA","HUR","TOT","PC_LF","A","2010",8.35,
"ITA","HUR","TOT","PC_LF","A","2011",8.35,
"ITA","HUR","TOT","PC_LF","A","2012",10.64167,
"ITA","HUR","TOT","PC_LF","A","2013",12.13333,
"ITA","HUR","TOT","PC_LF","A","2014",12.65,
"ITA","HUR","TOT","PC_LF","A","2015",11.89167,
"ITA","HUR","TOT","PC_LF","A","2016",11.675,
"ITA","HUR","TOT","PC_LF","A","2017",11.225,
"ITA","HUR","TOT","PC_LF","A","2018",10.61667,
"JPN","HUR","TOT","PC_LF","A","2000",4.716667,
"JPN","HUR","TOT","PC_LF","A","2001",5.033333,
"JPN","HUR","TOT","PC_LF","A","2002",5.375,
"JPN","HUR","TOT","PC_LF","A","2003",5.258333,
"JPN","HUR","TOT","PC_LF","A","2004",4.716667,
"JPN","HUR","TOT","PC_LF","A","2005",4.425,
"JPN","HUR","TOT","PC_LF","A","2006",4.141667,
"JPN","HUR","TOT","PC_LF","A","2007",3.841667,
"JPN","HUR","TOT","PC_LF","A","2008",3.991667,
"JPN","HUR","TOT","PC_LF","A","2009",5.066667,
"JPN","HUR","TOT","PC_LF","A","2010",5.05,
"JPN","HUR","TOT","PC_LF","A","2011",4.583333,
"JPN","HUR","TOT","PC_LF","A","2012",4.35,
"JPN","HUR","TOT","PC_LF","A","2013",4.025,
"JPN","HUR","TOT","PC_LF","A","2014",3.591667,
"JPN","HUR","TOT","PC_LF","A","2015",3.375,
"JPN","HUR","TOT","PC_LF","A","2016",3.116667,
"JPN","HUR","TOT","PC_LF","A","2017",2.808333,
"JPN","HUR","TOT","PC_LF","A","2018",2.441667,
"KOR","HUR","TOT","PC_LF","A","2000",4.425,
"KOR","HUR","TOT","PC_LF","A","2001",4,
"KOR","HUR","TOT","PC_LF","A","2002",3.258333,
"KOR","HUR","TOT","PC_LF","A","2003",3.55,
"KOR","HUR","TOT","PC_LF","A","2004",3.658333,
"KOR","HUR","TOT","PC_LF","A","2005",3.75,
"KOR","HUR","TOT","PC_LF","A","2006",3.475,
"KOR","HUR","TOT","PC_LF","A","2007",3.258333,
"KOR","HUR","TOT","PC_LF","A","2008",3.175,
"KOR","HUR","TOT","PC_LF","A","2009",3.633333,
"KOR","HUR","TOT","PC_LF","A","2010",3.708333,
"KOR","HUR","TOT","PC_LF","A","2011",3.408333,
"KOR","HUR","TOT","PC_LF","A","2012",3.225,
"KOR","HUR","TOT","PC_LF","A","2013",3.1,
"KOR","HUR","TOT","PC_LF","A","2014",3.491667,
"KOR","HUR","TOT","PC_LF","A","2015",3.591667,
"KOR","HUR","TOT","PC_LF","A","2016",3.675,
"KOR","HUR","TOT","PC_LF","A","2017",3.683333,
"KOR","HUR","TOT","PC_LF","A","2018",3.833333,
"LUX","HUR","TOT","PC_LF","A","2000",2.233333,
"LUX","HUR","TOT","PC_LF","A","2001",1.9,
"LUX","HUR","TOT","PC_LF","A","2002",2.558333,
"LUX","HUR","TOT","PC_LF","A","2003",3.808333,
"LUX","HUR","TOT","PC_LF","A","2004",4.95,
"LUX","HUR","TOT","PC_LF","A","2005",4.65,
"LUX","HUR","TOT","PC_LF","A","2006",4.575,
"LUX","HUR","TOT","PC_LF","A","2007",4.166667,
"LUX","HUR","TOT","PC_LF","A","2008",4.916667,
"LUX","HUR","TOT","PC_LF","A","2009",5.116667,
"LUX","HUR","TOT","PC_LF","A","2010",4.583333,
"LUX","HUR","TOT","PC_LF","A","2011",4.833333,
"LUX","HUR","TOT","PC_LF","A","2012",5.066667,
"LUX","HUR","TOT","PC_LF","A","2013",5.875,
"LUX","HUR","TOT","PC_LF","A","2014",6.05,
"LUX","HUR","TOT","PC_LF","A","2015",6.458333,
"LUX","HUR","TOT","PC_LF","A","2016",6.333333,
"LUX","HUR","TOT","PC_LF","A","2017",5.616667,
"LUX","HUR","TOT","PC_LF","A","2018",5.5,
"MEX","HUR","TOT","PC_LF","A","2000",2.505833,
"MEX","HUR","TOT","PC_LF","A","2001",2.756667,
"MEX","HUR","TOT","PC_LF","A","2002",2.978333,
"MEX","HUR","TOT","PC_LF","A","2003",3.405833,
"MEX","HUR","TOT","PC_LF","A","2004",3.915833,"B"
"MEX","HUR","TOT","PC_LF","A","2005",3.595785,
"MEX","HUR","TOT","PC_LF","A","2006",3.596744,
"MEX","HUR","TOT","PC_LF","A","2007",3.721604,
"MEX","HUR","TOT","PC_LF","A","2008",3.974655,
"MEX","HUR","TOT","PC_LF","A","2009",5.479068,
"MEX","HUR","TOT","PC_LF","A","2010",5.380876,
"MEX","HUR","TOT","PC_LF","A","2011",5.233573,
"MEX","HUR","TOT","PC_LF","A","2012",4.952769,
"MEX","HUR","TOT","PC_LF","A","2013",4.929466,
"MEX","HUR","TOT","PC_LF","A","2014",4.828958,
"MEX","HUR","TOT","PC_LF","A","2015",4.352943,
"MEX","HUR","TOT","PC_LF","A","2016",3.882438,
"MEX","HUR","TOT","PC_LF","A","2017",3.419046,
"MEX","HUR","TOT","PC_LF","A","2018",3.328549,
"NLD","HUR","TOT","PC_LF","A","2000",3.666667,
"NLD","HUR","TOT","PC_LF","A","2001",3.075,
"NLD","HUR","TOT","PC_LF","A","2002",3.666667,
"NLD","HUR","TOT","PC_LF","A","2003",4.841667,
"NLD","HUR","TOT","PC_LF","A","2004",5.675,
"NLD","HUR","TOT","PC_LF","A","2005",5.883333,
"NLD","HUR","TOT","PC_LF","A","2006",5.008333,
"NLD","HUR","TOT","PC_LF","A","2007",4.175,
"NLD","HUR","TOT","PC_LF","A","2008",3.666667,
"NLD","HUR","TOT","PC_LF","A","2009",4.35,
"NLD","HUR","TOT","PC_LF","A","2010",5.008333,
"NLD","HUR","TOT","PC_LF","A","2011",4.991667,
"NLD","HUR","TOT","PC_LF","A","2012",5.825,
"NLD","HUR","TOT","PC_LF","A","2013",7.241667,
"NLD","HUR","TOT","PC_LF","A","2014",7.425,
"NLD","HUR","TOT","PC_LF","A","2015",6.891667,
"NLD","HUR","TOT","PC_LF","A","2016",6.025,
"NLD","HUR","TOT","PC_LF","A","2017",4.858333,
"NLD","HUR","TOT","PC_LF","A","2018",3.841667,
"NZL","HUR","TOT","PC_LF","A","2000",6.15,
"NZL","HUR","TOT","PC_LF","A","2001",5.45,
"NZL","HUR","TOT","PC_LF","A","2002",5.3,
"NZL","HUR","TOT","PC_LF","A","2003",4.775,
"NZL","HUR","TOT","PC_LF","A","2004",4.025,
"NZL","HUR","TOT","PC_LF","A","2005",3.825,
"NZL","HUR","TOT","PC_LF","A","2006",3.85,
"NZL","HUR","TOT","PC_LF","A","2007",3.575,
"NZL","HUR","TOT","PC_LF","A","2008",4.025,
"NZL","HUR","TOT","PC_LF","A","2009",5.875,
"NZL","HUR","TOT","PC_LF","A","2010",6.225,
"NZL","HUR","TOT","PC_LF","A","2011",6.025,
"NZL","HUR","TOT","PC_LF","A","2012",6.475,
"NZL","HUR","TOT","PC_LF","A","2013",5.85,
"NZL","HUR","TOT","PC_LF","A","2014",5.425,
"NZL","HUR","TOT","PC_LF","A","2015",5.4,
"NZL","HUR","TOT","PC_LF","A","2016",5.125,
"NZL","HUR","TOT","PC_LF","A","2017",4.725,
"NZL","HUR","TOT","PC_LF","A","2018",4.325,
"NOR","HUR","TOT","PC_LF","A","2000",3.241667,
"NOR","HUR","TOT","PC_LF","A","2001",3.408333,
"NOR","HUR","TOT","PC_LF","A","2002",3.666667,
"NOR","HUR","TOT","PC_LF","A","2003",4.208333,
"NOR","HUR","TOT","PC_LF","A","2004",4.275,
"NOR","HUR","TOT","PC_LF","A","2005",4.525,
"NOR","HUR","TOT","PC_LF","A","2006",3.425,
"NOR","HUR","TOT","PC_LF","A","2007",2.558333,
"NOR","HUR","TOT","PC_LF","A","2008",2.733333,
"NOR","HUR","TOT","PC_LF","A","2009",3.283333,
"NOR","HUR","TOT","PC_LF","A","2010",3.733333,
"NOR","HUR","TOT","PC_LF","A","2011",3.408333,
"NOR","HUR","TOT","PC_LF","A","2012",3.3,
"NOR","HUR","TOT","PC_LF","A","2013",3.758333,
"NOR","HUR","TOT","PC_LF","A","2014",3.633333,
"NOR","HUR","TOT","PC_LF","A","2015",4.5,
"NOR","HUR","TOT","PC_LF","A","2016",4.758333,
"NOR","HUR","TOT","PC_LF","A","2017",4.191667,
"NOR","HUR","TOT","PC_LF","A","2018",3.875,
"POL","HUR","TOT","PC_LF","A","2000",16.075,
"POL","HUR","TOT","PC_LF","A","2001",18.30833,
"POL","HUR","TOT","PC_LF","A","2002",20.03333,
"POL","HUR","TOT","PC_LF","A","2003",19.75,
"POL","HUR","TOT","PC_LF","A","2004",19.14167,
"POL","HUR","TOT","PC_LF","A","2005",17.925,
"POL","HUR","TOT","PC_LF","A","2006",13.96667,
"POL","HUR","TOT","PC_LF","A","2007",9.608334,
"POL","HUR","TOT","PC_LF","A","2008",7.041667,
"POL","HUR","TOT","PC_LF","A","2009",8.116667,
"POL","HUR","TOT","PC_LF","A","2010",9.675,
"POL","HUR","TOT","PC_LF","A","2011",9.65,
"POL","HUR","TOT","PC_LF","A","2012",10.10833,
"POL","HUR","TOT","PC_LF","A","2013",10.34167,
"POL","HUR","TOT","PC_LF","A","2014",9.016666,
"POL","HUR","TOT","PC_LF","A","2015",7.525,
"POL","HUR","TOT","PC_LF","A","2016",6.191667,
"POL","HUR","TOT","PC_LF","A","2017",4.883333,
"POL","HUR","TOT","PC_LF","A","2018",3.858333,
"PRT","HUR","TOT","PC_LF","A","2000",5.075,
"PRT","HUR","TOT","PC_LF","A","2001",5.133333,
"PRT","HUR","TOT","PC_LF","A","2002",6.141667,
"PRT","HUR","TOT","PC_LF","A","2003",7.4,
"PRT","HUR","TOT","PC_LF","A","2004",7.766667,
"PRT","HUR","TOT","PC_LF","A","2005",8.766666,
"PRT","HUR","TOT","PC_LF","A","2006",8.866667,
"PRT","HUR","TOT","PC_LF","A","2007",9.133333,
"PRT","HUR","TOT","PC_LF","A","2008",8.783334,
"PRT","HUR","TOT","PC_LF","A","2009",10.68333,
"PRT","HUR","TOT","PC_LF","A","2010",11.98333,
"PRT","HUR","TOT","PC_LF","A","2011",12.88333,
"PRT","HUR","TOT","PC_LF","A","2012",15.78333,
"PRT","HUR","TOT","PC_LF","A","2013",16.45833,
"PRT","HUR","TOT","PC_LF","A","2014",14.125,
"PRT","HUR","TOT","PC_LF","A","2015",12.65833,
"PRT","HUR","TOT","PC_LF","A","2016",11.175,
"PRT","HUR","TOT","PC_LF","A","2017",9.016666,
"PRT","HUR","TOT","PC_LF","A","2018",7.05,
"SVK","HUR","TOT","PC_LF","A","2000",18.90833,
"SVK","HUR","TOT","PC_LF","A","2001",19.45833,
"SVK","HUR","TOT","PC_LF","A","2002",18.80833,
"SVK","HUR","TOT","PC_LF","A","2003",17.69167,
"SVK","HUR","TOT","PC_LF","A","2004",18.35833,
"SVK","HUR","TOT","PC_LF","A","2005",16.375,
"SVK","HUR","TOT","PC_LF","A","2006",13.46667,
"SVK","HUR","TOT","PC_LF","A","2007",11.23333,
"SVK","HUR","TOT","PC_LF","A","2008",9.575,
"SVK","HUR","TOT","PC_LF","A","2009",12.11667,
"SVK","HUR","TOT","PC_LF","A","2010",14.5,
"SVK","HUR","TOT","PC_LF","A","2011",13.68333,
"SVK","HUR","TOT","PC_LF","A","2012",13.95833,
"SVK","HUR","TOT","PC_LF","A","2013",14.225,
"SVK","HUR","TOT","PC_LF","A","2014",13.20833,
"SVK","HUR","TOT","PC_LF","A","2015",11.5,
"SVK","HUR","TOT","PC_LF","A","2016",9.666667,
"SVK","HUR","TOT","PC_LF","A","2017",8.125,
"SVK","HUR","TOT","PC_LF","A","2018",6.541667,
"ESP","HUR","TOT","PC_LF","A","2000",11.91667,
"ESP","HUR","TOT","PC_LF","A","2001",10.55833,
"ESP","HUR","TOT","PC_LF","A","2002",11.44167,
"ESP","HUR","TOT","PC_LF","A","2003",11.49167,
"ESP","HUR","TOT","PC_LF","A","2004",10.95833,
"ESP","HUR","TOT","PC_LF","A","2005",9.166667,
"ESP","HUR","TOT","PC_LF","A","2006",8.458333,
"ESP","HUR","TOT","PC_LF","A","2007",8.225,
"ESP","HUR","TOT","PC_LF","A","2008",11.26667,
"ESP","HUR","TOT","PC_LF","A","2009",17.86667,
"ESP","HUR","TOT","PC_LF","A","2010",19.875,
"ESP","HUR","TOT","PC_LF","A","2011",21.40833,
"ESP","HUR","TOT","PC_LF","A","2012",24.79167,
"ESP","HUR","TOT","PC_LF","A","2013",26.11667,
"ESP","HUR","TOT","PC_LF","A","2014",24.45,
"ESP","HUR","TOT","PC_LF","A","2015",22.075,
"ESP","HUR","TOT","PC_LF","A","2016",19.65,
"ESP","HUR","TOT","PC_LF","A","2017",17.23333,
"ESP","HUR","TOT","PC_LF","A","2018",15.26667,
"SWE","HUR","TOT","PC_LF","A","2000",5.6,
"SWE","HUR","TOT","PC_LF","A","2001",5.825,
"SWE","HUR","TOT","PC_LF","A","2002",5.95,
"SWE","HUR","TOT","PC_LF","A","2003",6.566667,
"SWE","HUR","TOT","PC_LF","A","2004",7.375,
"SWE","HUR","TOT","PC_LF","A","2005",7.641667,
"SWE","HUR","TOT","PC_LF","A","2006",7.041667,
"SWE","HUR","TOT","PC_LF","A","2007",6.116667,
"SWE","HUR","TOT","PC_LF","A","2008",6.166667,
"SWE","HUR","TOT","PC_LF","A","2009",8.3,
"SWE","HUR","TOT","PC_LF","A","2010",8.575,
"SWE","HUR","TOT","PC_LF","A","2011",7.766667,
"SWE","HUR","TOT","PC_LF","A","2012",7.966667,
"SWE","HUR","TOT","PC_LF","A","2013",8,
"SWE","HUR","TOT","PC_LF","A","2014",7.933333,
"SWE","HUR","TOT","PC_LF","A","2015",7.4,
"SWE","HUR","TOT","PC_LF","A","2016",6.95,
"SWE","HUR","TOT","PC_LF","A","2017",6.683333,
"SWE","HUR","TOT","PC_LF","A","2018",6.325,
"CHE","HUR","TOT","PC_LF","A","2010",4.803483,
"CHE","HUR","TOT","PC_LF","A","2011",4.401403,
"CHE","HUR","TOT","PC_LF","A","2012",4.48394,
"CHE","HUR","TOT","PC_LF","A","2013",4.746688,
"CHE","HUR","TOT","PC_LF","A","2014",4.829303,
"CHE","HUR","TOT","PC_LF","A","2015",4.80018,
"CHE","HUR","TOT","PC_LF","A","2016",4.918711,
"CHE","HUR","TOT","PC_LF","A","2017",4.797114,
"CHE","HUR","TOT","PC_LF","A","2018",4.714227,
"TUR","HUR","TOT","PC_LF","A","2005",9.508333,
"TUR","HUR","TOT","PC_LF","A","2006",9.066667,
"TUR","HUR","TOT","PC_LF","A","2007",9.158334,
"TUR","HUR","TOT","PC_LF","A","2008",10.025,
"TUR","HUR","TOT","PC_LF","A","2009",13.04167,
"TUR","HUR","TOT","PC_LF","A","2010",11.15,
"TUR","HUR","TOT","PC_LF","A","2011",9.141666,
"TUR","HUR","TOT","PC_LF","A","2012",8.433333,
"TUR","HUR","TOT","PC_LF","A","2013",9.05,
"TUR","HUR","TOT","PC_LF","A","2014",9.958333,
"TUR","HUR","TOT","PC_LF","A","2015",10.30833,
"TUR","HUR","TOT","PC_LF","A","2016",10.90833,
"TUR","HUR","TOT","PC_LF","A","2017",10.925,
"TUR","HUR","TOT","PC_LF","A","2018",10.975,
"GBR","HUR","TOT","PC_LF","A","2000",5.366667,
"GBR","HUR","TOT","PC_LF","A","2001",5,
"GBR","HUR","TOT","PC_LF","A","2002",5.133333,
"GBR","HUR","TOT","PC_LF","A","2003",4.95,
"GBR","HUR","TOT","PC_LF","A","2004",4.7,
"GBR","HUR","TOT","PC_LF","A","2005",4.791667,
"GBR","HUR","TOT","PC_LF","A","2006",5.35,
"GBR","HUR","TOT","PC_LF","A","2007",5.275,
"GBR","HUR","TOT","PC_LF","A","2008",5.616667,
"GBR","HUR","TOT","PC_LF","A","2009",7.55,
"GBR","HUR","TOT","PC_LF","A","2010",7.808333,
"GBR","HUR","TOT","PC_LF","A","2011",8.058333,
"GBR","HUR","TOT","PC_LF","A","2012",7.925,
"GBR","HUR","TOT","PC_LF","A","2013",7.55,
"GBR","HUR","TOT","PC_LF","A","2014",6.141667,
"GBR","HUR","TOT","PC_LF","A","2015",5.325,
"GBR","HUR","TOT","PC_LF","A","2016",4.825,
"GBR","HUR","TOT","PC_LF","A","2017",4.35,
"GBR","HUR","TOT","PC_LF","A","2018",4.016667,
"USA","HUR","TOT","PC_LF","A","2000",3.991667,
"USA","HUR","TOT","PC_LF","A","2001",4.733333,
"USA","HUR","TOT","PC_LF","A","2002",5.775,
"USA","HUR","TOT","PC_LF","A","2003",5.991667,
"USA","HUR","TOT","PC_LF","A","2004",5.533333,
"USA","HUR","TOT","PC_LF","A","2005",5.066667,
"USA","HUR","TOT","PC_LF","A","2006",4.616667,
"USA","HUR","TOT","PC_LF","A","2007",4.616667,
"USA","HUR","TOT","PC_LF","A","2008",5.775,
"USA","HUR","TOT","PC_LF","A","2009",9.266666,
"USA","HUR","TOT","PC_LF","A","2010",9.616667,
"USA","HUR","TOT","PC_LF","A","2011",8.95,
"USA","HUR","TOT","PC_LF","A","2012",8.066667,
"USA","HUR","TOT","PC_LF","A","2013",7.375,
"USA","HUR","TOT","PC_LF","A","2014",6.166667,
"USA","HUR","TOT","PC_LF","A","2015",5.291667,
"USA","HUR","TOT","PC_LF","A","2016",4.866667,
"USA","HUR","TOT","PC_LF","A","2017",4.35,
"USA","HUR","TOT","PC_LF","A","2018",3.9,
"CHL","HUR","TOT","PC_LF","A","2000",9.6675,
"CHL","HUR","TOT","PC_LF","A","2001",9.8525,
"CHL","HUR","TOT","PC_LF","A","2002",9.805,
"CHL","HUR","TOT","PC_LF","A","2003",9.54,
"CHL","HUR","TOT","PC_LF","A","2004",10.0075,
"CHL","HUR","TOT","PC_LF","A","2005",9.235,
"CHL","HUR","TOT","PC_LF","A","2006",7.8,
"CHL","HUR","TOT","PC_LF","A","2007",7.13,
"CHL","HUR","TOT","PC_LF","A","2008",7.7925,
"CHL","HUR","TOT","PC_LF","A","2009",9.675,
"CHL","HUR","TOT","PC_LF","A","2010",8.15,
"CHL","HUR","TOT","PC_LF","A","2011",7.125,
"CHL","HUR","TOT","PC_LF","A","2012",6.545561,
"CHL","HUR","TOT","PC_LF","A","2013",6.08222,
"CHL","HUR","TOT","PC_LF","A","2014",6.495096,
"CHL","HUR","TOT","PC_LF","A","2015",6.328377,
"CHL","HUR","TOT","PC_LF","A","2016",6.684913,
"CHL","HUR","TOT","PC_LF","A","2017",6.965175,
"CHL","HUR","TOT","PC_LF","A","2018",7.376639,
"EST","HUR","TOT","PC_LF","A","2000",14.45833,
"EST","HUR","TOT","PC_LF","A","2001",13.04167,
"EST","HUR","TOT","PC_LF","A","2002",11.33333,
"EST","HUR","TOT","PC_LF","A","2003",10.35,
"EST","HUR","TOT","PC_LF","A","2004",10.08333,
"EST","HUR","TOT","PC_LF","A","2005",7.975,
"EST","HUR","TOT","PC_LF","A","2006",5.941667,
"EST","HUR","TOT","PC_LF","A","2007",4.6,
"EST","HUR","TOT","PC_LF","A","2008",5.516667,
"EST","HUR","TOT","PC_LF","A","2009",13.575,
"EST","HUR","TOT","PC_LF","A","2010",16.74167,
"EST","HUR","TOT","PC_LF","A","2011",12.425,
"EST","HUR","TOT","PC_LF","A","2012",9.991667,
"EST","HUR","TOT","PC_LF","A","2013",8.566667,
"EST","HUR","TOT","PC_LF","A","2014",7.383333,
"EST","HUR","TOT","PC_LF","A","2015",6.208333,
"EST","HUR","TOT","PC_LF","A","2016",6.766667,
"EST","HUR","TOT","PC_LF","A","2017",5.816667,
"EST","HUR","TOT","PC_LF","A","2018",5.375,
"ISR","HUR","TOT","PC_LF","A","2000",8.770606,
"ISR","HUR","TOT","PC_LF","A","2001",9.348134,
"ISR","HUR","TOT","PC_LF","A","2002",10.29844,
"ISR","HUR","TOT","PC_LF","A","2003",10.71266,
"ISR","HUR","TOT","PC_LF","A","2004",10.36771,
"ISR","HUR","TOT","PC_LF","A","2005",8.989903,
"ISR","HUR","TOT","PC_LF","A","2006",8.403837,
"ISR","HUR","TOT","PC_LF","A","2007",7.318558,
"ISR","HUR","TOT","PC_LF","A","2008",6.099141,
"ISR","HUR","TOT","PC_LF","A","2009",7.544086,
"ISR","HUR","TOT","PC_LF","A","2010",6.636595,
"ISR","HUR","TOT","PC_LF","A","2011",5.602376,"B"
"ISR","HUR","TOT","PC_LF","A","2012",6.85,
"ISR","HUR","TOT","PC_LF","A","2013",6.208333,
"ISR","HUR","TOT","PC_LF","A","2014",5.908333,
"ISR","HUR","TOT","PC_LF","A","2015",5.241667,
"ISR","HUR","TOT","PC_LF","A","2016",4.808333,
"ISR","HUR","TOT","PC_LF","A","2017",4.216667,
"ISR","HUR","TOT","PC_LF","A","2018",4,
"SVN","HUR","TOT","PC_LF","A","2000",6.741667,
"SVN","HUR","TOT","PC_LF","A","2001",6.191667,
"SVN","HUR","TOT","PC_LF","A","2002",6.341667,
"SVN","HUR","TOT","PC_LF","A","2003",6.7,
"SVN","HUR","TOT","PC_LF","A","2004",6.341667,
"SVN","HUR","TOT","PC_LF","A","2005",6.541667,
"SVN","HUR","TOT","PC_LF","A","2006",5.991667,
"SVN","HUR","TOT","PC_LF","A","2007",4.858333,
"SVN","HUR","TOT","PC_LF","A","2008",4.391667,
"SVN","HUR","TOT","PC_LF","A","2009",5.891667,
"SVN","HUR","TOT","PC_LF","A","2010",7.275,
"SVN","HUR","TOT","PC_LF","A","2011",8.208333,
"SVN","HUR","TOT","PC_LF","A","2012",8.891666,
"SVN","HUR","TOT","PC_LF","A","2013",10.15833,
"SVN","HUR","TOT","PC_LF","A","2014",9.741667,
"SVN","HUR","TOT","PC_LF","A","2015",9,
"SVN","HUR","TOT","PC_LF","A","2016",8.008333,
"SVN","HUR","TOT","PC_LF","A","2017",6.6,
"SVN","HUR","TOT","PC_LF","A","2018",5.125,
"EU28","HUR","TOT","PC_LF","A","2000",8.983334,
"EU28","HUR","TOT","PC_LF","A","2001",8.733334,
"EU28","HUR","TOT","PC_LF","A","2002",9.05,
"EU28","HUR","TOT","PC_LF","A","2003",9.166667,
"EU28","HUR","TOT","PC_LF","A","2004",9.258333,
"EU28","HUR","TOT","PC_LF","A","2005",9.008333,
"EU28","HUR","TOT","PC_LF","A","2006",8.233334,
"EU28","HUR","TOT","PC_LF","A","2007",7.183333,
"EU28","HUR","TOT","PC_LF","A","2008",7.05,
"EU28","HUR","TOT","PC_LF","A","2009",8.966666,
"EU28","HUR","TOT","PC_LF","A","2010",9.65,
"EU28","HUR","TOT","PC_LF","A","2011",9.666667,
"EU28","HUR","TOT","PC_LF","A","2012",10.49167,
"EU28","HUR","TOT","PC_LF","A","2013",10.89167,
"EU28","HUR","TOT","PC_LF","A","2014",10.24167,
"EU28","HUR","TOT","PC_LF","A","2015",9.425,
"EU28","HUR","TOT","PC_LF","A","2016",8.55,
"EU28","HUR","TOT","PC_LF","A","2017",7.641667,
"EU28","HUR","TOT","PC_LF","A","2018",6.833333,
"OECD","HUR","TOT","PC_LF","A","2001",6.67035,"E"
"OECD","HUR","TOT","PC_LF","A","2002",7.204412,"E"
"OECD","HUR","TOT","PC_LF","A","2003",7.305661,"E"
"OECD","HUR","TOT","PC_LF","A","2004",7.171365,"E"
"OECD","HUR","TOT","PC_LF","A","2005",6.823394,"E"
"OECD","HUR","TOT","PC_LF","A","2006",6.304141,"E"
"OECD","HUR","TOT","PC_LF","A","2007",5.809106,"E"
"OECD","HUR","TOT","PC_LF","A","2008",6.139705,"E"
"OECD","HUR","TOT","PC_LF","A","2009",8.295653,"E"
"OECD","HUR","TOT","PC_LF","A","2010",8.506323,"E"
"OECD","HUR","TOT","PC_LF","A","2011",8.093724,"E"
"OECD","HUR","TOT","PC_LF","A","2012",8.073206,"E"
"OECD","HUR","TOT","PC_LF","A","2013",7.986392,"E"
"OECD","HUR","TOT","PC_LF","A","2014",7.434278,"E"
"OECD","HUR","TOT","PC_LF","A","2015",6.866167,"E"
"OECD","HUR","TOT","PC_LF","A","2016",6.446984,"E"
"OECD","HUR","TOT","PC_LF","A","2017",5.920563,"E"
"OECD","HUR","TOT","PC_LF","A","2018",5.48072,"E"
"G-7","HUR","TOT","PC_LF","A","2000",5.691444,"E"
"G-7","HUR","TOT","PC_LF","A","2001",5.891988,"E"
"G-7","HUR","TOT","PC_LF","A","2002",6.478742,"E"
"G-7","HUR","TOT","PC_LF","A","2003",6.638962,"E"
"G-7","HUR","TOT","PC_LF","A","2004",6.389414,"E"
"G-7","HUR","TOT","PC_LF","A","2005",6.21151,"E"
"G-7","HUR","TOT","PC_LF","A","2006",5.80212,"E"
"G-7","HUR","TOT","PC_LF","A","2007",5.406451,"E"
"G-7","HUR","TOT","PC_LF","A","2008",5.8294,"E"
"G-7","HUR","TOT","PC_LF","A","2009",8.000223,"E"
"G-7","HUR","TOT","PC_LF","A","2010",8.146105,"E"
"G-7","HUR","TOT","PC_LF","A","2011",7.635075,"E"
"G-7","HUR","TOT","PC_LF","A","2012",7.360998,"E"
"G-7","HUR","TOT","PC_LF","A","2013",7.095573,"E"
"G-7","HUR","TOT","PC_LF","A","2014",6.383449,"E"
"G-7","HUR","TOT","PC_LF","A","2015",5.807446,"E"
"G-7","HUR","TOT","PC_LF","A","2016",5.452868,"E"
"G-7","HUR","TOT","PC_LF","A","2017",4.983456,"E"
"G-7","HUR","TOT","PC_LF","A","2018",4.546288,"E"
"EA19","HUR","TOT","PC_LF","A","2000",8.883333,
"EA19","HUR","TOT","PC_LF","A","2001",8.308333,
"EA19","HUR","TOT","PC_LF","A","2002",8.6,
"EA19","HUR","TOT","PC_LF","A","2003",9.066667,
"EA19","HUR","TOT","PC_LF","A","2004",9.266666,
"EA19","HUR","TOT","PC_LF","A","2005",9.116667,
"EA19","HUR","TOT","PC_LF","A","2006",8.408334,
"EA19","HUR","TOT","PC_LF","A","2007",7.508333,
"EA19","HUR","TOT","PC_LF","A","2008",7.583333,
"EA19","HUR","TOT","PC_LF","A","2009",9.641666,
"EA19","HUR","TOT","PC_LF","A","2010",10.225,
"EA19","HUR","TOT","PC_LF","A","2011",10.21667,
"EA19","HUR","TOT","PC_LF","A","2012",11.375,
"EA19","HUR","TOT","PC_LF","A","2013",12.04167,
"EA19","HUR","TOT","PC_LF","A","2014",11.61667,
"EA19","HUR","TOT","PC_LF","A","2015",10.85833,
"EA19","HUR","TOT","PC_LF","A","2016",10.025,
"EA19","HUR","TOT","PC_LF","A","2017",9.066667,
"EA19","HUR","TOT","PC_LF","A","2018",8.2,
"LVA","HUR","TOT","PC_LF","A","2000",14.34167,
"LVA","HUR","TOT","PC_LF","A","2001",13.48333,
"LVA","HUR","TOT","PC_LF","A","2002",12.49167,
"LVA","HUR","TOT","PC_LF","A","2003",11.64167,
"LVA","HUR","TOT","PC_LF","A","2004",11.75,
"LVA","HUR","TOT","PC_LF","A","2005",10.05,
"LVA","HUR","TOT","PC_LF","A","2006",7.041667,
"LVA","HUR","TOT","PC_LF","A","2007",6.058333,
"LVA","HUR","TOT","PC_LF","A","2008",7.741667,
"LVA","HUR","TOT","PC_LF","A","2009",17.56667,
"LVA","HUR","TOT","PC_LF","A","2010",19.475,
"LVA","HUR","TOT","PC_LF","A","2011",16.21667,
"LVA","HUR","TOT","PC_LF","A","2012",15.04167,
"LVA","HUR","TOT","PC_LF","A","2013",11.875,
"LVA","HUR","TOT","PC_LF","A","2014",10.85,
"LVA","HUR","TOT","PC_LF","A","2015",9.883333,
"LVA","HUR","TOT","PC_LF","A","2016",9.633333,
"LVA","HUR","TOT","PC_LF","A","2017",8.708333,
"LVA","HUR","TOT","PC_LF","A","2018",7.4,
"LTU","HUR","TOT","PC_LF","A","2000",16.44167,
"LTU","HUR","TOT","PC_LF","A","2001",17.41667,
"LTU","HUR","TOT","PC_LF","A","2002",13.775,
"LTU","HUR","TOT","PC_LF","A","2003",12.43333,
"LTU","HUR","TOT","PC_LF","A","2004",10.89167,
"LTU","HUR","TOT","PC_LF","A","2005",8.316667,
"LTU","HUR","TOT","PC_LF","A","2006",5.791667,
"LTU","HUR","TOT","PC_LF","A","2007",4.258333,
"LTU","HUR","TOT","PC_LF","A","2008",5.825,
"LTU","HUR","TOT","PC_LF","A","2009",13.8,
"LTU","HUR","TOT","PC_LF","A","2010",17.84167,
"LTU","HUR","TOT","PC_LF","A","2011",15.39167,
"LTU","HUR","TOT","PC_LF","A","2012",13.40833,
"LTU","HUR","TOT","PC_LF","A","2013",11.8,
"LTU","HUR","TOT","PC_LF","A","2014",10.725,
"LTU","HUR","TOT","PC_LF","A","2015",9.133333,
"LTU","HUR","TOT","PC_LF","A","2016",7.9,
"LTU","HUR","TOT","PC_LF","A","2017",7.116667,
"LTU","HUR","TOT","PC_LF","A","2018",6.183333,
"COL","HUR","TOT","PC_LF","A","2007",11.2225,
"COL","HUR","TOT","PC_LF","A","2008",11.2775,
"COL","HUR","TOT","PC_LF","A","2009",12.08,
"COL","HUR","TOT","PC_LF","A","2010",11.84167,
"COL","HUR","TOT","PC_LF","A","2011",10.895,
"COL","HUR","TOT","PC_LF","A","2012",10.43417,
"COL","HUR","TOT","PC_LF","A","2013",9.705833,
"COL","HUR","TOT","PC_LF","A","2014",9.166667,
"COL","HUR","TOT","PC_LF","A","2015",8.960834,
"COL","HUR","TOT","PC_LF","A","2016",9.274167,
"COL","HUR","TOT","PC_LF","A","2017",9.425834,
"COL","HUR","TOT","PC_LF","A","2018",9.719167,
"EU27_2020","HUR","TOT","PC_LF","A","2000",8.983334,
"EU27_2020","HUR","TOT","PC_LF","A","2001",8.733334,
"EU27_2020","HUR","TOT","PC_LF","A","2002",9.05,
"EU27_2020","HUR","TOT","PC_LF","A","2003",9.791667,
"EU27_2020","HUR","TOT","PC_LF","A","2004",9.933333,
"EU27_2020","HUR","TOT","PC_LF","A","2005",9.666667,
"EU27_2020","HUR","TOT","PC_LF","A","2006",8.691667,
"EU27_2020","HUR","TOT","PC_LF","A","2007",7.508333,
"EU27_2020","HUR","TOT","PC_LF","A","2008",7.258333,
"EU27_2020","HUR","TOT","PC_LF","A","2009",9.191667,
"EU27_2020","HUR","TOT","PC_LF","A","2010",9.908334,
"EU27_2020","HUR","TOT","PC_LF","A","2011",9.925,
"EU27_2020","HUR","TOT","PC_LF","A","2012",10.88333,
"EU27_2020","HUR","TOT","PC_LF","A","2013",11.4,
"EU27_2020","HUR","TOT","PC_LF","A","2014",10.88333,
"EU27_2020","HUR","TOT","PC_LF","A","2015",10.06667,
"EU27_2020","HUR","TOT","PC_LF","A","2016",9.125,
"EU27_2020","HUR","TOT","PC_LF","A","2017",8.15,
"EU27_2020","HUR","TOT","PC_LF","A","2018",7.283333,
